--------------------------------------------------------
-- Archivo creado  - sábado-mayo-16-2020   
--------------------------------------------------------
--------------------------------------------------------
--  DDL for Table ALTERNATIVA
--------------------------------------------------------

  CREATE TABLE "RODRIGO"."ALTERNATIVA" 
   (	"ID_ALTERNATIVA" NUMBER(*,0), 
	"DESCRIPCION" VARCHAR2(200 BYTE), 
	"ES_CORRECTA" VARCHAR2(2 BYTE), 
	"PORCENTAJE" NUMBER(*,0), 
	"PREGUNTA_ID_PREGUNTA" NUMBER(*,0), 
	"ALUMNO_RUT" VARCHAR2(12 BYTE)
   ) SEGMENT CREATION IMMEDIATE 
  PCTFREE 10 PCTUSED 40 INITRANS 1 MAXTRANS 255 NOCOMPRESS LOGGING
  STORAGE(INITIAL 65536 NEXT 1048576 MINEXTENTS 1 MAXEXTENTS 2147483645
  PCTINCREASE 0 FREELISTS 1 FREELIST GROUPS 1 BUFFER_POOL DEFAULT FLASH_CACHE DEFAULT CELL_FLASH_CACHE DEFAULT)
  TABLESPACE "SYSTEM" ;
--------------------------------------------------------
--  DDL for Table ALUMNO
--------------------------------------------------------

  CREATE TABLE "RODRIGO"."ALUMNO" 
   (	"RUT" VARCHAR2(12 BYTE), 
	"NOMBRE" VARCHAR2(50 BYTE), 
	"APELLIDO" VARCHAR2(50 BYTE), 
	"CURSO_ID_CURSO" NUMBER(*,0)
   ) SEGMENT CREATION IMMEDIATE 
  PCTFREE 10 PCTUSED 40 INITRANS 1 MAXTRANS 255 NOCOMPRESS LOGGING
  STORAGE(INITIAL 65536 NEXT 1048576 MINEXTENTS 1 MAXEXTENTS 2147483645
  PCTINCREASE 0 FREELISTS 1 FREELIST GROUPS 1 BUFFER_POOL DEFAULT FLASH_CACHE DEFAULT CELL_FLASH_CACHE DEFAULT)
  TABLESPACE "SYSTEM" ;
--------------------------------------------------------
--  DDL for Table CURSO
--------------------------------------------------------

  CREATE TABLE "RODRIGO"."CURSO" 
   (	"ID_CURSO" NUMBER(*,0), 
	"DESCRIPCION" VARCHAR2(20 BYTE)
   ) SEGMENT CREATION IMMEDIATE 
  PCTFREE 10 PCTUSED 40 INITRANS 1 MAXTRANS 255 NOCOMPRESS LOGGING
  STORAGE(INITIAL 65536 NEXT 1048576 MINEXTENTS 1 MAXEXTENTS 2147483645
  PCTINCREASE 0 FREELISTS 1 FREELIST GROUPS 1 BUFFER_POOL DEFAULT FLASH_CACHE DEFAULT CELL_FLASH_CACHE DEFAULT)
  TABLESPACE "SYSTEM" ;
--------------------------------------------------------
--  DDL for Table PREGUNTA
--------------------------------------------------------

  CREATE TABLE "RODRIGO"."PREGUNTA" 
   (	"ID_PREGUNTA" NUMBER(*,0), 
	"ENUNCIADO" VARCHAR2(200 BYTE), 
	"PUNTAJE" NUMBER(*,0), 
	"TEST_ID_TEST" NUMBER(*,0)
   ) SEGMENT CREATION IMMEDIATE 
  PCTFREE 10 PCTUSED 40 INITRANS 1 MAXTRANS 255 NOCOMPRESS LOGGING
  STORAGE(INITIAL 65536 NEXT 1048576 MINEXTENTS 1 MAXEXTENTS 2147483645
  PCTINCREASE 0 FREELISTS 1 FREELIST GROUPS 1 BUFFER_POOL DEFAULT FLASH_CACHE DEFAULT CELL_FLASH_CACHE DEFAULT)
  TABLESPACE "SYSTEM" ;
--------------------------------------------------------
--  DDL for Table TEST
--------------------------------------------------------

  CREATE TABLE "RODRIGO"."TEST" 
   (	"ID_TEST" NUMBER(*,0), 
	"NOMBRE_TEST" VARCHAR2(50 BYTE), 
	"DESCRIPCION_TEST" VARCHAR2(100 BYTE), 
	"UNIDAD" VARCHAR2(5 BYTE), 
	"AUTOR" VARCHAR2(30 BYTE), 
	"FECHA_CREACION" VARCHAR2(8 BYTE)
   ) SEGMENT CREATION IMMEDIATE 
  PCTFREE 10 PCTUSED 40 INITRANS 1 MAXTRANS 255 NOCOMPRESS LOGGING
  STORAGE(INITIAL 65536 NEXT 1048576 MINEXTENTS 1 MAXEXTENTS 2147483645
  PCTINCREASE 0 FREELISTS 1 FREELIST GROUPS 1 BUFFER_POOL DEFAULT FLASH_CACHE DEFAULT CELL_FLASH_CACHE DEFAULT)
  TABLESPACE "SYSTEM" ;
REM INSERTING into RODRIGO.ALTERNATIVA
SET DEFINE OFF;
Insert into RODRIGO.ALTERNATIVA (ID_ALTERNATIVA,DESCRIPCION,ES_CORRECTA,PORCENTAJE,PREGUNTA_ID_PREGUNTA,ALUMNO_RUT) values ('1',' es concurrente ','si','50','1','11111111-1');
Insert into RODRIGO.ALTERNATIVA (ID_ALTERNATIVA,DESCRIPCION,ES_CORRECTA,PORCENTAJE,PREGUNTA_ID_PREGUNTA,ALUMNO_RUT) values ('2','basado en aspectos','no','0','1','11111111-1');
Insert into RODRIGO.ALTERNATIVA (ID_ALTERNATIVA,DESCRIPCION,ES_CORRECTA,PORCENTAJE,PREGUNTA_ID_PREGUNTA,ALUMNO_RUT) values ('3','orientado a objetos ','si','50','1','11111111-1');
Insert into RODRIGO.ALTERNATIVA (ID_ALTERNATIVA,DESCRIPCION,ES_CORRECTA,PORCENTAJE,PREGUNTA_ID_PREGUNTA,ALUMNO_RUT) values ('4','nula reutilizacion de código','no','0','1','11111111-1');
Insert into RODRIGO.ALTERNATIVA (ID_ALTERNATIVA,DESCRIPCION,ES_CORRECTA,PORCENTAJE,PREGUNTA_ID_PREGUNTA,ALUMNO_RUT) values ('5','Concretación','no','0','2','11111111-1');
Insert into RODRIGO.ALTERNATIVA (ID_ALTERNATIVA,DESCRIPCION,ES_CORRECTA,PORCENTAJE,PREGUNTA_ID_PREGUNTA,ALUMNO_RUT) values ('6','Encapsulamiento ','si','50','2','11111111-1');
Insert into RODRIGO.ALTERNATIVA (ID_ALTERNATIVA,DESCRIPCION,ES_CORRECTA,PORCENTAJE,PREGUNTA_ID_PREGUNTA,ALUMNO_RUT) values ('7','Polimorfismo ','si','50','2','11111111-1');
Insert into RODRIGO.ALTERNATIVA (ID_ALTERNATIVA,DESCRIPCION,ES_CORRECTA,PORCENTAJE,PREGUNTA_ID_PREGUNTA,ALUMNO_RUT) values ('8','Descendencia','no','0','2','11111111-1');
Insert into RODRIGO.ALTERNATIVA (ID_ALTERNATIVA,DESCRIPCION,ES_CORRECTA,PORCENTAJE,PREGUNTA_ID_PREGUNTA,ALUMNO_RUT) values ('9','Si','no','0','3','11111111-1');
Insert into RODRIGO.ALTERNATIVA (ID_ALTERNATIVA,DESCRIPCION,ES_CORRECTA,PORCENTAJE,PREGUNTA_ID_PREGUNTA,ALUMNO_RUT) values ('10','No','no','0','3','11111111-1');
Insert into RODRIGO.ALTERNATIVA (ID_ALTERNATIVA,DESCRIPCION,ES_CORRECTA,PORCENTAJE,PREGUNTA_ID_PREGUNTA,ALUMNO_RUT) values ('11','No 100%','si','100','3','11111111-1');
Insert into RODRIGO.ALTERNATIVA (ID_ALTERNATIVA,DESCRIPCION,ES_CORRECTA,PORCENTAJE,PREGUNTA_ID_PREGUNTA,ALUMNO_RUT) values ('12','A medias','no','0','3','11111111-1');
Insert into RODRIGO.ALTERNATIVA (ID_ALTERNATIVA,DESCRIPCION,ES_CORRECTA,PORCENTAJE,PREGUNTA_ID_PREGUNTA,ALUMNO_RUT) values ('13','Aumenta la usabilidad y el mantenimiento del código, ','si','50','4','11111111-1');
Insert into RODRIGO.ALTERNATIVA (ID_ALTERNATIVA,DESCRIPCION,ES_CORRECTA,PORCENTAJE,PREGUNTA_ID_PREGUNTA,ALUMNO_RUT) values ('14','Mejora la modularidad al evitar que los objetos interactúen entre sí, de forma no deseada. ','si','50','4','11111111-1');
Insert into RODRIGO.ALTERNATIVA (ID_ALTERNATIVA,DESCRIPCION,ES_CORRECTA,PORCENTAJE,PREGUNTA_ID_PREGUNTA,ALUMNO_RUT) values ('15','El estado interno de cada objeto no puede ser protegido','no','0','4','11111111-1');
Insert into RODRIGO.ALTERNATIVA (ID_ALTERNATIVA,DESCRIPCION,ES_CORRECTA,PORCENTAJE,PREGUNTA_ID_PREGUNTA,ALUMNO_RUT) values ('16','Solo B y C','no','0','4','11111111-1');
Insert into RODRIGO.ALTERNATIVA (ID_ALTERNATIVA,DESCRIPCION,ES_CORRECTA,PORCENTAJE,PREGUNTA_ID_PREGUNTA,ALUMNO_RUT) values ('17','Una clase puede extender varias interfaces, pero solo puede implementar una clase abstracta. ','no','0','5','11111111-1');
Insert into RODRIGO.ALTERNATIVA (ID_ALTERNATIVA,DESCRIPCION,ES_CORRECTA,PORCENTAJE,PREGUNTA_ID_PREGUNTA,ALUMNO_RUT) values ('18','Todos los métodos en una interfaz son abstractos y una clase abstracta puede contener métodos abstractos y no abstractos.','si','100','5','11111111-1');
Insert into RODRIGO.ALTERNATIVA (ID_ALTERNATIVA,DESCRIPCION,ES_CORRECTA,PORCENTAJE,PREGUNTA_ID_PREGUNTA,ALUMNO_RUT) values ('19','Las clases abstractas no pueden implementar interfaces sin siquiera proporcionar la implementación de métodos de interfaz. ','no','0','5','11111111-1');
Insert into RODRIGO.ALTERNATIVA (ID_ALTERNATIVA,DESCRIPCION,ES_CORRECTA,PORCENTAJE,PREGUNTA_ID_PREGUNTA,ALUMNO_RUT) values ('20','Las variables declaradas en una interfaz Java son por defecto Protected ','no','0','5','11111111-1');
REM INSERTING into RODRIGO.ALUMNO
SET DEFINE OFF;
Insert into RODRIGO.ALUMNO (RUT,NOMBRE,APELLIDO,CURSO_ID_CURSO) values ('11111111-1','juan','perez','101');
Insert into RODRIGO.ALUMNO (RUT,NOMBRE,APELLIDO,CURSO_ID_CURSO) values ('11111111-2','luis','soto','101');
Insert into RODRIGO.ALUMNO (RUT,NOMBRE,APELLIDO,CURSO_ID_CURSO) values ('11111111-3','camila','ramirez','101');
Insert into RODRIGO.ALUMNO (RUT,NOMBRE,APELLIDO,CURSO_ID_CURSO) values ('11111111-4','alberto','alvarez','101');
Insert into RODRIGO.ALUMNO (RUT,NOMBRE,APELLIDO,CURSO_ID_CURSO) values ('11111111-5','roberto','castillo','101');
Insert into RODRIGO.ALUMNO (RUT,NOMBRE,APELLIDO,CURSO_ID_CURSO) values ('11111111-6','ricardo','valenzuela','101');
Insert into RODRIGO.ALUMNO (RUT,NOMBRE,APELLIDO,CURSO_ID_CURSO) values ('11111111-7','jose','muñoz','101');
Insert into RODRIGO.ALUMNO (RUT,NOMBRE,APELLIDO,CURSO_ID_CURSO) values ('11111111-8','gregorio','cespedes','101');
Insert into RODRIGO.ALUMNO (RUT,NOMBRE,APELLIDO,CURSO_ID_CURSO) values ('11111111-9','frederick','godoy','101');
Insert into RODRIGO.ALUMNO (RUT,NOMBRE,APELLIDO,CURSO_ID_CURSO) values ('11111111-0','ana','frank','101');
Insert into RODRIGO.ALUMNO (RUT,NOMBRE,APELLIDO,CURSO_ID_CURSO) values ('22222222-1','guillermo','diaz','201');
Insert into RODRIGO.ALUMNO (RUT,NOMBRE,APELLIDO,CURSO_ID_CURSO) values ('22222222-2','antonio','gonzalez','201');
Insert into RODRIGO.ALUMNO (RUT,NOMBRE,APELLIDO,CURSO_ID_CURSO) values ('22222222-3','ruben','vergara','201');
Insert into RODRIGO.ALUMNO (RUT,NOMBRE,APELLIDO,CURSO_ID_CURSO) values ('22222222-4','raul','bustamante','201');
Insert into RODRIGO.ALUMNO (RUT,NOMBRE,APELLIDO,CURSO_ID_CURSO) values ('22222222-5','alejandro','cumsille','201');
Insert into RODRIGO.ALUMNO (RUT,NOMBRE,APELLIDO,CURSO_ID_CURSO) values ('22222222-6','ariana','lopez','201');
Insert into RODRIGO.ALUMNO (RUT,NOMBRE,APELLIDO,CURSO_ID_CURSO) values ('22222222-7','daniela','vargas','201');
Insert into RODRIGO.ALUMNO (RUT,NOMBRE,APELLIDO,CURSO_ID_CURSO) values ('22222222-8','antonio','gomez','201');
Insert into RODRIGO.ALUMNO (RUT,NOMBRE,APELLIDO,CURSO_ID_CURSO) values ('22222222-9','pilar','valenzuela','201');
Insert into RODRIGO.ALUMNO (RUT,NOMBRE,APELLIDO,CURSO_ID_CURSO) values ('22222222-0','rodrigo','pavez','201');
REM INSERTING into RODRIGO.CURSO
SET DEFINE OFF;
Insert into RODRIGO.CURSO (ID_CURSO,DESCRIPCION) values ('101','Full Stack Java');
Insert into RODRIGO.CURSO (ID_CURSO,DESCRIPCION) values ('201','Front End');
REM INSERTING into RODRIGO.PREGUNTA
SET DEFINE OFF;
Insert into RODRIGO.PREGUNTA (ID_PREGUNTA,ENUNCIADO,PUNTAJE,TEST_ID_TEST) values ('1','¿Cuáles son características de Java?','20','100');
Insert into RODRIGO.PREGUNTA (ID_PREGUNTA,ENUNCIADO,PUNTAJE,TEST_ID_TEST) values ('2','¿Cuáles son los conceptos de POO?','20','100');
Insert into RODRIGO.PREGUNTA (ID_PREGUNTA,ENUNCIADO,PUNTAJE,TEST_ID_TEST) values ('3','¿Java está 100% orientado a objetos?','20','100');
Insert into RODRIGO.PREGUNTA (ID_PREGUNTA,ENUNCIADO,PUNTAJE,TEST_ID_TEST) values ('4','¿Cuáles son las ventajas de la encapsulación?','20','100');
Insert into RODRIGO.PREGUNTA (ID_PREGUNTA,ENUNCIADO,PUNTAJE,TEST_ID_TEST) values ('5','¿Cuál es la diferencia entre una interfaz y una clase abstracta?','20','100');
REM INSERTING into RODRIGO.TEST
SET DEFINE OFF;
Insert into RODRIGO.TEST (ID_TEST,NOMBRE_TEST,DESCRIPCION_TEST,UNIDAD,AUTOR,FECHA_CREACION) values ('100','POO','evaluacion final de POO','I','brian guzman','28-02-20');
Insert into RODRIGO.TEST (ID_TEST,NOMBRE_TEST,DESCRIPCION_TEST,UNIDAD,AUTOR,FECHA_CREACION) values ('200','HTML y CSS','evaluacion final de HTML y CSS','II','brian guzman','12-03-20');
--------------------------------------------------------
--  DDL for Index CURSO_PK
--------------------------------------------------------

  CREATE UNIQUE INDEX "RODRIGO"."CURSO_PK" ON "RODRIGO"."CURSO" ("ID_CURSO") 
  PCTFREE 10 INITRANS 2 MAXTRANS 255 COMPUTE STATISTICS 
  STORAGE(INITIAL 65536 NEXT 1048576 MINEXTENTS 1 MAXEXTENTS 2147483645
  PCTINCREASE 0 FREELISTS 1 FREELIST GROUPS 1 BUFFER_POOL DEFAULT FLASH_CACHE DEFAULT CELL_FLASH_CACHE DEFAULT)
  TABLESPACE "SYSTEM" ;
--------------------------------------------------------
--  DDL for Index ALTERNATIVA_PK
--------------------------------------------------------

  CREATE UNIQUE INDEX "RODRIGO"."ALTERNATIVA_PK" ON "RODRIGO"."ALTERNATIVA" ("ID_ALTERNATIVA") 
  PCTFREE 10 INITRANS 2 MAXTRANS 255 COMPUTE STATISTICS 
  STORAGE(INITIAL 65536 NEXT 1048576 MINEXTENTS 1 MAXEXTENTS 2147483645
  PCTINCREASE 0 FREELISTS 1 FREELIST GROUPS 1 BUFFER_POOL DEFAULT FLASH_CACHE DEFAULT CELL_FLASH_CACHE DEFAULT)
  TABLESPACE "SYSTEM" ;
--------------------------------------------------------
--  DDL for Index PREGUNTA_PK
--------------------------------------------------------

  CREATE UNIQUE INDEX "RODRIGO"."PREGUNTA_PK" ON "RODRIGO"."PREGUNTA" ("ID_PREGUNTA") 
  PCTFREE 10 INITRANS 2 MAXTRANS 255 COMPUTE STATISTICS 
  STORAGE(INITIAL 65536 NEXT 1048576 MINEXTENTS 1 MAXEXTENTS 2147483645
  PCTINCREASE 0 FREELISTS 1 FREELIST GROUPS 1 BUFFER_POOL DEFAULT FLASH_CACHE DEFAULT CELL_FLASH_CACHE DEFAULT)
  TABLESPACE "SYSTEM" ;
--------------------------------------------------------
--  DDL for Index ALUMNO_PK
--------------------------------------------------------

  CREATE UNIQUE INDEX "RODRIGO"."ALUMNO_PK" ON "RODRIGO"."ALUMNO" ("RUT") 
  PCTFREE 10 INITRANS 2 MAXTRANS 255 COMPUTE STATISTICS 
  STORAGE(INITIAL 65536 NEXT 1048576 MINEXTENTS 1 MAXEXTENTS 2147483645
  PCTINCREASE 0 FREELISTS 1 FREELIST GROUPS 1 BUFFER_POOL DEFAULT FLASH_CACHE DEFAULT CELL_FLASH_CACHE DEFAULT)
  TABLESPACE "SYSTEM" ;
--------------------------------------------------------
--  DDL for Index TEST_PK
--------------------------------------------------------

  CREATE UNIQUE INDEX "RODRIGO"."TEST_PK" ON "RODRIGO"."TEST" ("ID_TEST") 
  PCTFREE 10 INITRANS 2 MAXTRANS 255 COMPUTE STATISTICS 
  STORAGE(INITIAL 65536 NEXT 1048576 MINEXTENTS 1 MAXEXTENTS 2147483645
  PCTINCREASE 0 FREELISTS 1 FREELIST GROUPS 1 BUFFER_POOL DEFAULT FLASH_CACHE DEFAULT CELL_FLASH_CACHE DEFAULT)
  TABLESPACE "SYSTEM" ;
--------------------------------------------------------
--  Constraints for Table ALTERNATIVA
--------------------------------------------------------

  ALTER TABLE "RODRIGO"."ALTERNATIVA" ADD CONSTRAINT "ALTERNATIVA_PK" PRIMARY KEY ("ID_ALTERNATIVA")
  USING INDEX PCTFREE 10 INITRANS 2 MAXTRANS 255 COMPUTE STATISTICS 
  STORAGE(INITIAL 65536 NEXT 1048576 MINEXTENTS 1 MAXEXTENTS 2147483645
  PCTINCREASE 0 FREELISTS 1 FREELIST GROUPS 1 BUFFER_POOL DEFAULT FLASH_CACHE DEFAULT CELL_FLASH_CACHE DEFAULT)
  TABLESPACE "SYSTEM"  ENABLE;
  ALTER TABLE "RODRIGO"."ALTERNATIVA" MODIFY ("ALUMNO_RUT" NOT NULL ENABLE);
  ALTER TABLE "RODRIGO"."ALTERNATIVA" MODIFY ("PREGUNTA_ID_PREGUNTA" NOT NULL ENABLE);
  ALTER TABLE "RODRIGO"."ALTERNATIVA" MODIFY ("ID_ALTERNATIVA" NOT NULL ENABLE);
--------------------------------------------------------
--  Constraints for Table CURSO
--------------------------------------------------------

  ALTER TABLE "RODRIGO"."CURSO" ADD CONSTRAINT "CURSO_PK" PRIMARY KEY ("ID_CURSO")
  USING INDEX PCTFREE 10 INITRANS 2 MAXTRANS 255 COMPUTE STATISTICS 
  STORAGE(INITIAL 65536 NEXT 1048576 MINEXTENTS 1 MAXEXTENTS 2147483645
  PCTINCREASE 0 FREELISTS 1 FREELIST GROUPS 1 BUFFER_POOL DEFAULT FLASH_CACHE DEFAULT CELL_FLASH_CACHE DEFAULT)
  TABLESPACE "SYSTEM"  ENABLE;
  ALTER TABLE "RODRIGO"."CURSO" MODIFY ("ID_CURSO" NOT NULL ENABLE);
--------------------------------------------------------
--  Constraints for Table PREGUNTA
--------------------------------------------------------

  ALTER TABLE "RODRIGO"."PREGUNTA" ADD CONSTRAINT "PREGUNTA_PK" PRIMARY KEY ("ID_PREGUNTA")
  USING INDEX PCTFREE 10 INITRANS 2 MAXTRANS 255 COMPUTE STATISTICS 
  STORAGE(INITIAL 65536 NEXT 1048576 MINEXTENTS 1 MAXEXTENTS 2147483645
  PCTINCREASE 0 FREELISTS 1 FREELIST GROUPS 1 BUFFER_POOL DEFAULT FLASH_CACHE DEFAULT CELL_FLASH_CACHE DEFAULT)
  TABLESPACE "SYSTEM"  ENABLE;
  ALTER TABLE "RODRIGO"."PREGUNTA" MODIFY ("TEST_ID_TEST" NOT NULL ENABLE);
  ALTER TABLE "RODRIGO"."PREGUNTA" MODIFY ("ID_PREGUNTA" NOT NULL ENABLE);
--------------------------------------------------------
--  Constraints for Table TEST
--------------------------------------------------------

  ALTER TABLE "RODRIGO"."TEST" ADD CONSTRAINT "TEST_PK" PRIMARY KEY ("ID_TEST")
  USING INDEX PCTFREE 10 INITRANS 2 MAXTRANS 255 COMPUTE STATISTICS 
  STORAGE(INITIAL 65536 NEXT 1048576 MINEXTENTS 1 MAXEXTENTS 2147483645
  PCTINCREASE 0 FREELISTS 1 FREELIST GROUPS 1 BUFFER_POOL DEFAULT FLASH_CACHE DEFAULT CELL_FLASH_CACHE DEFAULT)
  TABLESPACE "SYSTEM"  ENABLE;
  ALTER TABLE "RODRIGO"."TEST" MODIFY ("FECHA_CREACION" NOT NULL ENABLE);
  ALTER TABLE "RODRIGO"."TEST" MODIFY ("AUTOR" NOT NULL ENABLE);
  ALTER TABLE "RODRIGO"."TEST" MODIFY ("UNIDAD" NOT NULL ENABLE);
  ALTER TABLE "RODRIGO"."TEST" MODIFY ("DESCRIPCION_TEST" NOT NULL ENABLE);
  ALTER TABLE "RODRIGO"."TEST" MODIFY ("NOMBRE_TEST" NOT NULL ENABLE);
  ALTER TABLE "RODRIGO"."TEST" MODIFY ("ID_TEST" NOT NULL ENABLE);
--------------------------------------------------------
--  Constraints for Table ALUMNO
--------------------------------------------------------

  ALTER TABLE "RODRIGO"."ALUMNO" ADD CONSTRAINT "ALUMNO_PK" PRIMARY KEY ("RUT")
  USING INDEX PCTFREE 10 INITRANS 2 MAXTRANS 255 COMPUTE STATISTICS 
  STORAGE(INITIAL 65536 NEXT 1048576 MINEXTENTS 1 MAXEXTENTS 2147483645
  PCTINCREASE 0 FREELISTS 1 FREELIST GROUPS 1 BUFFER_POOL DEFAULT FLASH_CACHE DEFAULT CELL_FLASH_CACHE DEFAULT)
  TABLESPACE "SYSTEM"  ENABLE;
  ALTER TABLE "RODRIGO"."ALUMNO" MODIFY ("CURSO_ID_CURSO" NOT NULL ENABLE);
  ALTER TABLE "RODRIGO"."ALUMNO" MODIFY ("RUT" NOT NULL ENABLE);
--------------------------------------------------------
--  Ref Constraints for Table ALTERNATIVA
--------------------------------------------------------

  ALTER TABLE "RODRIGO"."ALTERNATIVA" ADD CONSTRAINT "ALTERNATIVA_ALUMNO_FK" FOREIGN KEY ("ALUMNO_RUT")
	  REFERENCES "RODRIGO"."ALUMNO" ("RUT") ENABLE;
  ALTER TABLE "RODRIGO"."ALTERNATIVA" ADD CONSTRAINT "ALTERNATIVA_PREGUNTA_FK" FOREIGN KEY ("PREGUNTA_ID_PREGUNTA")
	  REFERENCES "RODRIGO"."PREGUNTA" ("ID_PREGUNTA") ENABLE;
--------------------------------------------------------
--  Ref Constraints for Table ALUMNO
--------------------------------------------------------

  ALTER TABLE "RODRIGO"."ALUMNO" ADD CONSTRAINT "ALUMNO_CURSO_FK" FOREIGN KEY ("CURSO_ID_CURSO")
	  REFERENCES "RODRIGO"."CURSO" ("ID_CURSO") ENABLE;
--------------------------------------------------------
--  Ref Constraints for Table PREGUNTA
--------------------------------------------------------

  ALTER TABLE "RODRIGO"."PREGUNTA" ADD CONSTRAINT "PREGUNTA_TEST_FK" FOREIGN KEY ("TEST_ID_TEST")
	  REFERENCES "RODRIGO"."TEST" ("ID_TEST") ENABLE;
